{"1":{"Actors":28.335388240451532,"Generes":60.61907501780919,"Director":25.990602224779437,"Writer":27.499041043344832}}